ze_20_seconds_v3,
ze_30_seconds__b21_p2,
ze_666_crazy_escape_v2_4,
ze_2012_p3,
ze_2554_v2,
ze_a_e_s_t_h_e_t_i_c_v1_1,
ze_abandoned_industry_va2,
ze_abandoned_project_v1_2_csgo,
ze_alchemy_b7,
ze_alien_mountain_escape_p3_fix,
ze_alien_shooter_gp1_3,
ze_alien_vs_predator_v6go_fix,
ze_amalgamation_v1_1,
ze_ancient_wrath_v2_test27_cm1,
ze_angelbeats_guild_v2_1,
ze_antalya_escape_exo_v1,
ze_aooka_v3_t5,
ze_aot_trost_v6,
ze_apartment_deluxe,
ze_aperturescience_p2,
ze_apollo_p2,
ze_aragami_v1_1,
ze_arcade_parade_b6,
ze_arctic_escape_p2,
ze_artika_base_v1_2,
ze_ashen_keep_p,
ze_astral_v2_1_fix,
ze_atix_apocalypse_p3,
ze_atix_panic_b3t_p,
ze_atix_panic_v1,
ze_atos_v2_3,
ze_aware_v1_2a,
ze_aztec_temple_p,
ze_aztecnoob_p2,
ze_baboon_escape_v1_012,
ze_banana_temple_v1_3,
ze_barrage_p2,
ze_bathroom_v2_5,
ze_best_korea_v1,
ze_bhop_island_v1,
ze_bigfoot_escapeica_v3_4,
ze_binary_z4_1,
ze_biohazard2_rpd_004_p3,
ze_biohazard2_sewer_j2_004,
ze_biohazard3_nemesis_b5_2,
ze_biohazard_manor_004_p4,
ze_bioshock_v7_1_csgo_a2,
ze_bisounours_party_p2,
ze_blackmesa_remix_p2,
ze_blue_magic_castle_v3_1,
ze_blue_zenith_v0_2,
ze_boacceho_p4,
ze_boatescape101_p,
ze_boatescape111_tl_b03,
ze_boatescape111_v1_1f,
ze_boatescape111_v1fix,
ze_boatescape999_v5,
ze_boatescape_extendido_p4,
ze_boredom_p,
ze_bp-infested-prison_p2,
ze_breakable_p3,
ze_breezy_v4,
ze_bunkerino_v1_2_8_final,
ze_cancer_gopnik_escape_v8,
ze_candy_star_a3,
ze_castle_bridge_v1_4,
ze_castlevania_p1_7,
ze_celestial_night_a16,
ze_chaos_v7_7,
ze_check_b1_1f,
ze_chemical_weapons_depot_v3_1,
ze_chicken_ranch_v2_2,
ze_christmas_infection_p2,
ze_chroma_v0_4_csgo5,
ze_clockwork_v1d1,
ze_coastalcity_b9,
ze_codevein_v1_cm4,
ze_colorlicouspilar_p4,
ze_colors_p3,
ze_complex_va3,
ze_copy_escape_v2_2,
ze_core_v2b,
ze_corrupted_bridge_b1_3,
ze_covid_1984_v2_1,
ze_cowboy_island_b1,
ze_crashbandicoot_p3,
ze_crazykart_v4,
ze_crypt_v1_4,
ze_cso_decoy_v1_hdr,
ze_cursed_bear_tales_v1_2,
ze_cursed_ruins_gf1_1,
ze_cv_losii_castle_siege_b4,
ze_cyberderp_p3_kia,
ze_cyberia_v1,
ze_cyberpunk_x_a06,
ze_dangerous_waters_xmas_v2_4,
ze_dark_catharsis_v1_2,
ze_dark_souls_ptd_csgo2,
ze_deadcore_s7f2,
ze_deadcore_v1_3,
ze_dear_v1,
ze_death_star_escape_v4_3_p2,
ze_death_wish_gf1_1,
ze_deepice_p3,
ze_defend_truck_remake_v1,
ze_defense3002,
ze_deneme_final,
ze_descent_into_cerberon_v1,
ze_desert_fox_v7_6f,
ze_desperate_soul_a9,
ze_destruction_of_exorath_v4_lite,
ze_dev_r4a_csgo4,
ze_diddle_v3,
ze_doom_p2,
ze_draco_accidere_v4_final,
ze_dragonball_snakeway_v2,
ze_drakelord_castle_b3,
ze_dreamin_v3_3,
ze_dust_escape_p3,
ze_eden_a3,
ze_einstein_v7,
ze_elevator_escape_p3,
ze_elork_ok3ng3se5_v1_2_2,
ze_ep2_plant_b1,
ze_epic_arena,
ze_epic_escape_v2_1,
ze_escape_cascade_b1,
ze_escape_horizon_p3,
ze_escape_stroggos_p2,
ze_escape_the_eye_p3,
ze_escapetheworld_a33_fix,
ze_eternal_grove_v3,
ze_eternal_journey_go_v1_4t11,
ze_eternal_void_p3,
ze_evil_mansion_v1_finalf,
ze_exchange_innovation_v1b,
ze_f_a_w_v6,
ze_fallingguys,
ze_fapescape_p5,
ze_fapescape_rote_v1_3,
ze_farmhouse_v9f2,
ze_fast_escape_p2,
ze_ffvi_oblivion_castle_v2_5,
ze_ffvii_cosmo_canyon_v5k_fix,
ze_ffvii_malgo_reactor_v8_5,
ze_ffxii_mt_bur_omisace_v5_4fix4,
ze_ffxii_ridorana_cataract_t5_3_w6,
ze_ffxii_westersand_v7_z9,
ze_ffxii_westersand_v8zeta1_b5k,
ze_ffxiv_pharos_sirius_v1_6,
ze_ffxiv_wanderers_palace_v4_va2,
ze_ffxiv_wanderers_palace_v5_2,
ze_ffxiv_wanderers_palace_v6,
ze_fireboy_and_watergirl_3d_2021_fix,
ze_firewall_laboratory_part1_p2,
ze_firewall_laboratory_part2_p2,
ze_flex_b4,
ze_floating_rocks_survival_csgo_v3,
ze_flowering_b10,
ze_football_go2,
ze_forest_r_a0_9,
ze_forestbunkers_v1_b3_e2,
ze_forgotten_facility_p3,
ze_forhidden_slicoo_b10_5,
ze_forius_just_run_p2,
ze_forsaken_temple_v3_b5,
ze_frostdrake_tower_v1,
ze_frozen_abyss_v1_2,
ze_frozentemple_rc1_1,
ze_funny_runner_v3_1,
ze_games_v2_1,
ze_genso_of_last_v3_4_t1,
ze_geometric_v1_4,
ze_gods_wrath_p2,
ze_gothic_v1_2ns,
ze_grand_boatescape_p3,
ze_grau_a03_4ff,
ze_greece_escape_p,
ze_greencity_fix,
ze_grey_world_v1,
ze_gris_a4_9_8,
ze_gris_v1_13,
ze_halloween_house_b4,
ze_halo_p3,
ze_halo_poa_p4,
ze_haunted_lab_escape_p3,
ze_hazard_escape_p2,
ze_hell_escape_p2,
ze_hidden_fortress_p,
ze_hidden_temple_v2_5,
ze_honkai_impact_3rd_babel_v1_55,
ze_honkai_impact_3rd_cyberpunk_cityv26_4,
ze_honkai_nagazoracity_beta_2,
ze_hsc_a4_q3,
ze_hypernova_p2,
ze_icecap_escape_v5_sgfix,
ze_icecap_solo_v1_f,
ze_iceland_escape_v1_2,
ze_iceworld_athletic_b4_5,
ze_illya_b4_csgo_a3,
ze_inboxed_final_fix,
ze_indiana_jones_v4a_004_p4,
ze_infected_lab_v4_1,
ze_infected_sewers_csgo,
ze_infected_tramway_csgo1,
ze_infested-industry_p2,
ze_infiltration_final_r1,
ze_insanitycity_va2,
ze_insensible_sr8gm6yj12hs7_rg_v9_6,
ze_interception_p2,
ze_isla_nublar_p3,
ze_island_escape_p3,
ze_ismellmagicintheair_wg7tw9vm1io1bu7_v3,
ze_italy_town_p2,
ze_jamais_vu_b2,
ze_jerry_malaka_escape_v2fix,
ze_jiba_journey_v4_3,
ze_jjba_v6f,
ze_johnny_nukem_csgo,
ze_journey_p2,
ze_jurassic_park_story_csgo,
ze_jurassicpark_csgo,
ze_jurassicpark_escape_p2,
ze_k19_escape_go1,
ze_kaffe_escape_v2,
ze_kage_a3,
ze_kf_bioticslab_a1,
ze_kitchen_v2,
ze_kororinpa_v2_2,
ze_kraznov_poopata_p2,
ze_l0v0l_v1_4_csgo2,
ze_l4d2_c1m3_mall_csgo_v0_2,
ze_laser_escape_a5bf8,
ze_laser_island_b6_8,
ze_laserend_v1,
ze_legoland_crackheads_p2,
ze_lemonysnickets_p2,
ze_licciana_escape_p,
ze_licciana_escape_zrgbr_b3,
ze_light_v7_csgo_tk13_v5ffix,
ze_lightnight_v1_4fix_hdr,
ze_lila_panic_escape_v3_3,
ze_lolxd_final_fix_iswear_v3,
ze_lotr_helms_deep_v5_p6,
ze_lotr_isengard_csgo1,
ze_lotr_laketown_v3_3,
ze_lotr_minas_tirith_p5,
ze_lotr_mines_of_moria_p2,
ze_lotr_mirkwood_v2_5,
ze_lotr_mount_doom_p3,
ze_luciddreams_f5_3,
ze_luck_matters_v3x,
ze_lucy_escape_v1,
ze_luigismansion_p3,
ze_lux_umbra_v1,
ze_m0w0m_csgo1,
ze_m00m_adventure_x,
ze_m00m_adventure_xyz,
ze_m_the_final_v1_4,
ze_mabinogi_f4_1,
ze_madara_temple_v1fix_csgo,
ze_magala_castle_final,
ze_magic_carpet_p2,
ze_magus_v2_4,
ze_mapeadores_museum_v1,
ze_mario_tower_v4_p2,
ze_mars_escape_gp2,
ze_meatropolis_p2,
ze_melong_dow_learjet_gp1,
ze_memehell_v1_1_go,
ze_military_escape_p4,
ze_mindtree_v1_6,
ze_minecraft_adventure_v1_3d,
ze_minecraft_escape_b3,
ze_minecraft_v1_1_p3,
ze_minimal_csgo,
ze_mirrors_edge_reborn_p3,
ze_misaka2_v1_3,
ze_misaka_v1ff,
ze_mist_q3,
ze_mochi_island_f6,
ze_mojos_minigames_v1_4_1,
ze_moltentemple_p1t2_csgo,
ze_moon_base_p3,
ze_motanuminc_p2,
ze_mountain_escape_csgo2,
ze_mountain_escape_snow_v6,
ze_mytex_escape_v3_p,
ze_naiads_v4a_6f,
ze_nameless_necropolis_v3,
ze_namviet_gf1_1,
ze_naruto_p,
ze_natural_v1_4,
ze_necromanteion_v3_1,
ze_negative_legacy_va2,
ze_neko_canyon_p3,
ze_new_crazy_escape_v4_1,
ze_nightmare_dimension_p3,
ze_no_name_v1_6,
ze_no_title_v2_5,
ze_noir_p1,
ze_nomada_h3,
ze_noob_too_easy_v2_3,
ze_noob_too_easy_v2_t2,
ze_nora_v1_11,
ze_nostromo_escape_p2,
ze_nostromo_redux_v1_2,
ze_notredame_p4,
ze_nuke_p3,
ze_ny_marathon_p2,
ze_oblivion_castle_v6,
ze_ocean_base_escape_p2,
ze_offliner_v2_csgo1,
ze_omega_p3,
ze_omen_090,
ze_omochi_b10,
ze_omochix_v3_2fix,
ze_onahole_v3_3_3,
ze_oneiros_p,
ze_oot_shadowtemple_b10,
ze_otakuroom_v3_4_ps5,
ze_otakuroom_v5_6_ps,
ze_outlast_v2_cm1,
ze_outpost_escape_k1,
ze_outpost_escape_k2,
ze_palace_adventure_v1_2,
ze_palace_of_minolila_v1,
ze_pallaroid_rage_v1,
ze_pandora_revolutionz_hdr2,
ze_panic_escape_v3_2_e5_hdr,
ze_paper_escaper_p7,
ze_paranoid_rezurrection_csgo1,
ze_parkers_pit_p,
ze_parking_p4,
ze_pc_v1_2,
ze_pd2_crime_art_v2,
ze_phantasy_escape_p3,
ze_pidaras_v1_4fix3_e10,
ze_pitchblack_p2,
ze_pizzatime_v9,
ze_pkmn_adventure_v9_3,
ze_pokemon_rivals_v1_8,
ze_polatrio_v1_1_hdr,
ze_por_island_p3,
ze_portal_story_p2,
ze_potc_iv_p3,
ze_potc_p4,
ze_praetorians_2003_war_of_team,
ze_predator_ultimate_p7,
ze_professional_escape,
ze_project_alcaria_x2,
ze_prototype_p2,
ze_puta_p3,
ze_r_w_b_final,
ze_r_w_b_ulti,
ze_rabanastre_royal_t5,
ze_raccoon_facility_v6b_p,
ze_rainbow_factory_v2,
ze_ramp_a1_1,
ze_random_p2,
ze_ratescape_v5_3_1,
ze_rawnscape_csgo,
ze_re_creation_v2_25,
ze_realm_v1_1,
ze_reconnoiter_b5,
ze_retribution_pf,
ze_rev_a6_3,
ze_rizomata_va2,
ze_rockescape_go2_1,
ze_rollermine_factory_2010_p,
ze_ronald_v2,
ze_roof_adventure_v9,
ze_rooftop_runaway2_p,
ze_rtcw_ominous_rumors_p4,
ze_ruin_of_black_stone_v1,
ze_rush_b_v2_2,
ze_s_a_m_v1_7,
ze_sad_banana_b2,
ze_sakuzyo_b2,
ze_samsung_galaxy_v1_3,
ze_sandstorm_go_v1_5x3,
ze_santassination_v3,
ze_saw_p3,
ze_schizophrenic_c3,
ze_scp_containment_breach_v1_b02_cm4,
ze_serious_sam_tfe_v2_4,
ze_serpentis_temple_p2,
ze_serpentis_temple_v2a_csgo2,
ze_seviien_a1,
ze_sewage_processing_v8,
ze_sg1_missions_v2_1_p2,
ze_shadow_corridor_v1_2,
ze_shaun_of_the_dead_p,
ze_showdown_v4_1_p,
ze_shrine_of_umos_b3,
ze_shroomforest2_p6,
ze_shroomforest3_p,
ze_shroomforest_p6,
ze_siberia_1990_v1_2c_p5,
ze_silent_hill_2_illusion_b5,
ze_silent_hill_blackblood_f4,
ze_sit_caelum_paradisus_b7_hdr,
ze_skill_escape_v09,
ze_sky_adventure_v5,
ze_sky_athletic_adv_v9_9,
ze_sky_fantasy_v2_1,
ze_sky_temples_v3,
ze_skyscraper_city_csgo1,
ze_skyscraper_city_v5,
ze_slender_escape_rc2,
ze_small_town_b1,
ze_snowescape_gp1,
ze_solgryn_v2,
ze_sonic_cityescape_beta1919_810,
ze_space_flight_p3,
ze_space_stationzz_kia,
ze_square_r,
ze_sst2_p,
ze_sst_b2_1_p5,
ze_stalker_ultimate_v2_3_gg,
ze_stalker_ultimate_v4_9,
ze_stalkermonolit_v8gofix1,
ze_star_wars_prequel_f1,
ze_stargate_escape_v8_p2,
ze_starwars_v2fix_csgo3,
ze_stilshrine_of_miriam_v6_1c,
ze_strange_escape_p2,
ze_sumai_facility_v1a,
ze_sunkentemple_v3_1,
ze_sunlight_p2,
ze_surf_bona_v1_3,
ze_surf_easy_v1_2,
ze_surf_facility_p4,
ze_surf_saltfish_v1_fix2,
ze_surf_vortex_v2_6,
ze_survivors_p2,
ze_temple_escape_va3,
ze_temple_of_phantom_v13,
ze_temple_of_the_demon_god_v2,
ze_temple_raider_b4_ps6,
ze_temple_run_v5,
ze_tenkinoko_welkin_v1_6f,
ze_th06_scarletdevilmansion_a0c,
ze_the_curse_of_blackwater_v5b,
ze_the_end_v3f,
ze_the_last_chapter_v1_5,
ze_the_new_era_of_crazy_escape_b7,
ze_the_twilight_zone_v1,
ze_thelostworld_redux_p2,
ze_thousand_steps_gf1_2,
ze_three_eyes_v1_1,
ze_thriller_escape_p,
ze_tilex_ultimate_v2_13e,
ze_timesink_v1_2,
ze_timesplitters_p2,
ze_titanic_escape_p2,
ze_titanic_realism,
ze_titanlaser_b3,
ze_tkara_v4_3,
ze_toaster_p3,
ze_totemo_roka_v1,
ze_touhou_gensokyo_o4,
ze_toy_world_final,
ze_traak_b2,
ze_trainstation_tunnels_p,
ze_trials_v3_test,
ze_tropico_escape_gf1_1,
ze_tv_station_r4,
ze_tyranny2_v1_csgo2,
ze_underground_escape_p,
ze_undersea_temple_a4_4,
ze_undertale_g_v1_3_fix1,
ze_undertale_sans_final,
ze_urban_laby_of_death_p2,
ze_urbanterror_b2,
ze_ut2004_convoy_r5,
ze_uyuni_v1_6,
ze_v0u0v_a6_csgo1,
ze_valkvang_v1_2,
ze_venice_escape_p3,
ze_visualizer_v1_2,
ze_voodoo_islands_p5,
ze_war_v1_4,
ze_world_escapes_v1,
ze_worlds_t6,
ze_worlds_v1_2,
ze_zk_mall_of_zombies_p2,
ze_zombiemod_corporation_p2,
ze_zombierig_p3,
ze_zulu_v2,
zm_0corner_v4zz,
zm_4way_tunnel_v2_zds,
zm_16chambres_fix2,
zm_abyss2_v2_2,
zm_aftermath_city_h,
zm_an_droptop_redux_sac2,
zm_an_jailbreak_mini_csgo_v1,
zm_base_day,
zm_battleforce_panic_csgo_v93xnet_re-lift,
zm_beach_city,
zm_beach_house_v1_3,
zm_bestzm_fixx,
zm_black-gs_tower,
zm_blockcity_v2,
zm_blostos_v2,
zm_br_swimsuits_r3,
zm_broken_fort_v6,
zm_bruce_factory_p2,
zm_bullet_infected_fix2,
zm_bumfight_v2_csgo,
zm_camper_indian_csgo_refix,
zm_carpediem,
zm_catalyst_meow_v5,
zm_cbglc_b3_space_fixed,
zm_chicken_factory_b7_zmbr,
zm_continents,
zm_cube_v7,
zm_dacha_day_v1,
zm_degrad_v2,
zm_desert_fortress_csgo_v93xnet_re-lift_2,
zm_desperados_x2,
zm_dirtyroom_a3,
zm_distant_csgo,
zm_domik_v_pustine_v93xnet_re-lift_2,
zm_downtown_fixed,
zm_druglab_go_rw2,
zm_dust2_bloodmoon_hdr,
zm_dust2_csgo_fix,
zm_dust_elegant_fixed,
zm_dusty_v1,
zm_echo_mainstreet_v93xnet_re-lift,
zm_fear_office_zn7,
zm_forgotten_dust,
zm_freerun_tec_d1wfix,
zm_fubar_towers_csgo,
zm_fun_park_remix_x1,
zm_gethigh_420_v1_1,
zm_glass_world_v3,
zm_homebase_meow_v2,
zm_horror_tower_v93xnet_remake_fix,
zm_infected_castle,
zm_infected_forest_v93xnet_re-lift_2,
zm_infected_school_v3,
zm_infernalist,
zm_ingame_reborn_v2_fix,
zm_italy_elegant_row_hdr,
zm_komplex_final_row,
zm_krusty_krab_a3_csgo,
zm_legendary_house_final_r2,
zm_lila_city_v93xnet_fix,
zm_lila_epic_rework_csgo_fix,
zm_lila_hacker_meow_v2,
zm_lila_hacker_rebuild_v2_2a,
zm_lila_panic_178_rework_refix,
zm_lila_panic_371_latins_fix_d,
zm_lila_panic_beach_rem1,
zm_lila_panic_ose_csgo_fix,
zm_lynxmetal_v21,
zm_mario3_v3_finals,
zm_memory_sakura_v1_1,
zm_mgm_world,
zm_minecraft_utopia_v2,
zm_minecraft_v3_v93xnet_re-lift_4,
zm_minecraftvillage,
zm_miniature_room_csgo,
zm_mirage_13,
zm_mozilor_cbble-prefinal_fix6,
zm_mozilor_dust2_beta3,
zm_mozilor_industrie-prefinal_fix2,
zm_mozilor_manufacture-prefinal_fix3,
zm_muhosransk_reborn_v3_r2,
zm_my_games_moment_house_world,
zm_neko_athletic_park_v2_p,
zm_neko_garden_aso_fix,
zm_nm_town_karp,
zm_nomercy_airport_sv,
zm_novum_go_v93xnet_light_2,
zm_nukepanic_beta,
zm_object_12_v2,
zm_parish_v2_dy01a_v93xnet_re-lift_hdrfix,
zm_pez_office_v1,
zm_playtime_v2,
zm_pokemon_pallet_town_a2,
zm_ragonat_v93xnet_re-lift_2,
zm_re2r_lab_a2,
zm_roadside_hotel_v1_3,
zm_roy_the_ship_remake-mozilor-prefinal_fix4,
zm_sandtower_v3,
zm_school_hdr_v5,
zm_schoolgrounds_v4,
zm_sex_with_zombie_b1,
zm_siberia_v2_csgo,
zm_stab_town_final,
zm_stormy_days,
zm_supermario_frez_v93xnet_remake_by_atsoft,
zm_supermercadochino_v8_2,
zm_survival_camp_v7,
zm_templeofdoom_zn,
zm_titan_dust_m11_v1,
zm_titanic_survival_2,
zm_tmo_arena_zn7,
zm_town_massacre_b2,
zm_toxa_west_v3_x1,
zm_toxfarm,
zm_toxic_house3_hdr,
zm_tx_highschool_zn7,
zm_unpanic_csgo_pf_v1,
zm_uprugiy_xep_v26,
zm_villa_lempiicka,
zm_westwood_final,
zm_winterfun_v93xnet_remake,